{
  "HTTP Request-1" : {
    "transaction" : "HTTP Request-1",
    "sampleCount" : 5000,
    "errorCount" : 100,
    "errorPct" : 2.0,
    "meanResTime" : 2512.982399999993,
    "medianResTime" : 801.0,
    "minResTime" : 189.0,
    "maxResTime" : 20296.0,
    "pct1ResTime" : 8612.900000000001,
    "pct2ResTime" : 10494.299999999997,
    "pct3ResTime" : 12738.96,
    "throughput" : 192.7005048753228,
    "receivedKBytesPerSec" : 697.1939268629321,
    "sentKBytesPerSec" : 22.13044860677535
  },
  "Total" : {
    "transaction" : "Total",
    "sampleCount" : 15000,
    "errorCount" : 200,
    "errorPct" : 1.3333334,
    "meanResTime" : 2145.251066666653,
    "medianResTime" : 765.0,
    "minResTime" : 160.0,
    "maxResTime" : 20697.0,
    "pct1ResTime" : 7797.799999999999,
    "pct2ResTime" : 10360.799999999996,
    "pct3ResTime" : 13202.0,
    "throughput" : 540.2874329143103,
    "receivedKBytesPerSec" : 1365.791265015488,
    "sentKBytesPerSec" : 82.16871375571803
  },
  "HTTP Request-0" : {
    "transaction" : "HTTP Request-0",
    "sampleCount" : 5000,
    "errorCount" : 0,
    "errorPct" : 0.0,
    "meanResTime" : 700.6347999999998,
    "medianResTime" : 376.0,
    "minResTime" : 160.0,
    "maxResTime" : 10564.0,
    "pct1ResTime" : 1835.800000000001,
    "pct2ResTime" : 2363.95,
    "pct3ResTime" : 2816.9699999999993,
    "throughput" : 181.3894431344096,
    "receivedKBytesPerSec" : 31.53058679484854,
    "sentKBytesPerSec" : 20.548022855069835
  },
  "HTTP Request" : {
    "transaction" : "HTTP Request",
    "sampleCount" : 5000,
    "errorCount" : 100,
    "errorPct" : 2.0,
    "meanResTime" : 3222.1359999999995,
    "medianResTime" : 1350.0,
    "minResTime" : 355.0,
    "maxResTime" : 20697.0,
    "pct1ResTime" : 10220.0,
    "pct2ResTime" : 11945.649999999998,
    "pct3ResTime" : 14369.879999999997,
    "throughput" : 180.0958109714368,
    "receivedKBytesPerSec" : 682.895632507744,
    "sentKBytesPerSec" : 41.084356877859015
  }
}