{
  "Get User" : {
    "transaction" : "Get User",
    "sampleCount" : 300,
    "errorCount" : 287,
    "errorPct" : 95.666664,
    "meanResTime" : 425.54333333333335,
    "medianResTime" : 405.0,
    "minResTime" : 51.0,
    "maxResTime" : 1589.0,
    "pct1ResTime" : 631.7000000000021,
    "pct2ResTime" : 665.5999999999999,
    "pct3ResTime" : 923.1700000000017,
    "throughput" : 2.3473076381390543,
    "receivedKBytesPerSec" : 1.6166775718667357,
    "sentKBytesPerSec" : 0.29715753270581974
  },
  "Total" : {
    "transaction" : "Total",
    "sampleCount" : 300,
    "errorCount" : 287,
    "errorPct" : 95.666664,
    "meanResTime" : 425.54333333333335,
    "medianResTime" : 405.0,
    "minResTime" : 51.0,
    "maxResTime" : 1589.0,
    "pct1ResTime" : 631.7000000000021,
    "pct2ResTime" : 665.5999999999999,
    "pct3ResTime" : 923.1700000000017,
    "throughput" : 2.3473076381390543,
    "receivedKBytesPerSec" : 1.6166775718667357,
    "sentKBytesPerSec" : 0.29715753270581974
  }
}